{
	"credit": "Made with Blockbench",
	"textures": {
		"2": "remnant:block/emmitterbase",
		"3": "remnant:block/emmitterrod",
		"particle": "block/brewing_stand"
	},
	"elements": [
		{
			"from": [7, 13, 7],
			"to": [9, 15, 9],
			"rotation": {"angle": 0, "axis": "y", "origin": [7, 13, 7]},
			"faces": {
				"north": {"uv": [0, 0, 16, 16], "texture": "#2"},
				"east": {"uv": [0, 0, 16, 16], "texture": "#2"},
				"south": {"uv": [0, 0, 16, 16], "texture": "#2"},
				"west": {"uv": [0, 0, 16, 16], "texture": "#2"},
				"up": {"uv": [0, 0, 16, 16], "texture": "#2"},
				"down": {"uv": [0, 0, 16, 16], "texture": "#2"}
			}
		},
		{
			"from": [7, 13, 7],
			"to": [9, 15, 9],
			"rotation": {"angle": 0, "axis": "y", "origin": [7, 13, 7]},
			"faces": {
				"north": {"uv": [0, 0, 16, 16], "texture": "#2"},
				"east": {"uv": [0, 0, 16, 16], "texture": "#2"},
				"south": {"uv": [0, 0, 16, 16], "texture": "#2"},
				"west": {"uv": [0, 0, 16, 16], "texture": "#2"},
				"up": {"uv": [0, 0, 16, 16], "texture": "#2"},
				"down": {"uv": [0, 0, 16, 16], "texture": "#2"}
			}
		},
		{
			"from": [7, 0, 8],
			"to": [9, 14, 10],
			"rotation": {"angle": 22.5, "axis": "x", "origin": [8, 0, 9]},
			"faces": {
				"north": {"uv": [7, 2, 9, 16], "texture": "#3"},
				"east": {"uv": [7, 2, 9, 16], "texture": "#3"},
				"south": {"uv": [7, 2, 9, 16], "texture": "#3"},
				"west": {"uv": [7, 2, 9, 16], "texture": "#3"},
				"up": {"uv": [7, 7, 9, 9], "texture": "#3"},
				"down": {"uv": [7, 7, 9, 9], "texture": "#3"}
			}
		},
		{
			"from": [7, 0, 6],
			"to": [9, 14, 8],
			"rotation": {"angle": -22.5, "axis": "x", "origin": [8, 0, 7]},
			"faces": {
				"north": {"uv": [7, 2, 9, 16], "texture": "#3"},
				"east": {"uv": [7, 2, 9, 16], "texture": "#3"},
				"south": {"uv": [7, 2, 9, 16], "texture": "#3"},
				"west": {"uv": [7, 2, 9, 16], "texture": "#3"},
				"up": {"uv": [7, 7, 9, 9], "texture": "#3"},
				"down": {"uv": [7, 7, 9, 9], "texture": "#3"}
			}
		},
		{
			"from": [8, 0, 7],
			"to": [10, 14, 9],
			"rotation": {"angle": -22.5, "axis": "z", "origin": [9, 0, 8]},
			"faces": {
				"north": {"uv": [7, 2, 9, 16], "texture": "#3"},
				"east": {"uv": [7, 2, 9, 16], "texture": "#3"},
				"south": {"uv": [7, 2, 9, 16], "texture": "#3"},
				"west": {"uv": [7, 2, 9, 16], "texture": "#3"},
				"up": {"uv": [7, 7, 9, 9], "texture": "#3"},
				"down": {"uv": [7, 7, 9, 9], "texture": "#3"}
			}
		},
		{
			"from": [6, 0, 7],
			"to": [8, 14, 9],
			"rotation": {"angle": 22.5, "axis": "z", "origin": [7, 0, 8]},
			"faces": {
				"north": {"uv": [7, 2, 9, 16], "texture": "#3"},
				"east": {"uv": [7, 2, 9, 16], "texture": "#3"},
				"south": {"uv": [7, 2, 9, 16], "texture": "#3"},
				"west": {"uv": [7, 2, 9, 16], "texture": "#3"},
				"up": {"uv": [7, 7, 9, 9], "texture": "#3"},
				"down": {"uv": [7, 7, 9, 9], "texture": "#3"}
			}
		},
		{
			"from": [3, 0, 3],
			"to": [13, 2, 13],
			"rotation": {"angle": 0, "axis": "x", "origin": [-4, 0, 0]},
			"faces": {
				"north": {"uv": [0, 2, 16, 6], "texture": "#2"},
				"east": {"uv": [0, 2, 16, 6], "texture": "#2"},
				"south": {"uv": [0, 2, 16, 6], "texture": "#2"},
				"west": {"uv": [0, 2, 16, 6], "texture": "#2"},
				"up": {"uv": [0, 0, 16, 16], "texture": "#2"},
				"down": {"uv": [0, 0, 4, 4], "texture": "#2", "cullface": "down"}
			}
		}
	],
	"groups": [
		{
			"name": "brewing_stand",
			"origin": [8, 8, 8],
			"color": 0,
			"children": [0, 1, 2, 3, 4, 5, 6]
		}
	]
}