{
	"credit": "Made with Blockbench",
	"texture_size": [32, 32],
	"textures": {
		"1": "Desktop/console",
		"2": "Desktop/Console/displayback",
		"3": "Desktop/Console/system",
		"4": "Desktop/Console/display2",
		"5": "Desktop/Console/connector",
		"particle": "Desktop/Console/displayback"
	},
	"elements": [
		{
			"from": [1, 0, 1],
			"to": [15, 4, 15],
			"rotation": {"angle": 0, "axis": "y", "origin": [16, 9, 4]},
			"faces": {
				"north": {"uv": [7, 6, 14, 8], "rotation": 180, "texture": "#3"},
				"east": {"uv": [7, 0, 14, 2], "texture": "#3"},
				"south": {"uv": [7, 2, 14, 4], "texture": "#3"},
				"west": {"uv": [7, 4, 14, 6], "texture": "#3"},
				"up": {"uv": [7, 7, 0, 0], "rotation": 90, "texture": "#3"},
				"down": {"uv": [7, 7, 0, 14], "rotation": 270, "texture": "#3"}
			}
		},
		{
			"from": [4, 5, 2],
			"to": [14, 14, 14],
			"rotation": {"angle": 0, "axis": "y", "origin": [16, 9, 4]},
			"faces": {
				"north": {"uv": [0, 10, 5, 14.5], "texture": "#1"},
				"east": {"uv": [5, 0, 10, 4.5], "texture": "#1"},
				"south": {"uv": [5, 4.5, 10, 9], "texture": "#1"},
				"west": {"uv": [5, 9, 10, 13.5], "texture": "#1"},
				"up": {"uv": [5, 5, 0, 0], "rotation": 90, "texture": "#1"},
				"down": {"uv": [5, 5, 0, 10], "rotation": 270, "texture": "#1"}
			}
		},
		{
			"from": [3.75, 4.75, 12.75],
			"to": [5.25, 14.25, 14.25],
			"rotation": {"angle": 0, "axis": "y", "origin": [16, 9, 4]},
			"faces": {
				"north": {"uv": [0, 0, 1, 1], "rotation": 90, "texture": "#4"},
				"east": {"uv": [0, 0, 1, 1], "texture": "#4"},
				"south": {"uv": [0, 0, 1, 1], "rotation": 270, "texture": "#4"},
				"west": {"uv": [5, 9, 5.5, 13.5], "texture": "#4"},
				"up": {"uv": [1, 1, 0, 0], "rotation": 90, "texture": "#4"},
				"down": {"uv": [1, 0, 0, 1], "rotation": 270, "texture": "#4"}
			}
		},
		{
			"from": [3.75, 4.75, 1.75],
			"to": [5.25, 14.25, 3.25],
			"rotation": {"angle": 0, "axis": "y", "origin": [16, 9, -7]},
			"faces": {
				"north": {"uv": [0, 0, 1, 1], "rotation": 90, "texture": "#4"},
				"east": {"uv": [0, 0, 1, 1], "texture": "#4"},
				"south": {"uv": [0, 0, 1, 1], "rotation": 270, "texture": "#4"},
				"west": {"uv": [5, 9, 5.5, 13.5], "texture": "#4"},
				"up": {"uv": [1, 1, 0, 0], "rotation": 90, "texture": "#4"},
				"down": {"uv": [1, 0, 0, 1], "rotation": 270, "texture": "#4"}
			}
		},
		{
			"from": [3.75, 12.75, 3.25],
			"to": [5.25, 14.25, 12.75],
			"rotation": {"angle": 0, "axis": "y", "origin": [16, 9, -1]},
			"faces": {
				"north": {"uv": [0, 0, 1, 1], "rotation": 90, "texture": "#4"},
				"east": {"uv": [0, 0, 1, 1], "texture": "#4"},
				"south": {"uv": [0, 0, 1, 1], "rotation": 270, "texture": "#4"},
				"west": {"uv": [5, 9, 10, 10], "texture": "#4"},
				"up": {"uv": [1, 1, 0, 0], "rotation": 90, "texture": "#4"},
				"down": {"uv": [1, 0, 0, 1], "rotation": 270, "texture": "#4"}
			}
		},
		{
			"from": [3.75, 4.75, 3.25],
			"to": [5.25, 6.25, 12.75],
			"rotation": {"angle": 0, "axis": "y", "origin": [16, 1, -1]},
			"faces": {
				"north": {"uv": [0, 0, 1, 1], "rotation": 90, "texture": "#4"},
				"east": {"uv": [0, 0, 1, 1], "texture": "#4"},
				"south": {"uv": [0, 0, 1, 1], "rotation": 270, "texture": "#4"},
				"west": {"uv": [5, 9, 10, 10], "texture": "#4"},
				"up": {"uv": [1, 1, 0, 0], "rotation": 90, "texture": "#4"},
				"down": {"uv": [1, 0, 0, 1], "rotation": 270, "texture": "#4"}
			}
		},
		{
			"from": [5, 4, 2.5],
			"to": [13, 6, 13.5],
			"rotation": {"angle": 0, "axis": "y", "origin": [15, 0, 0]},
			"faces": {
				"north": {"uv": [6, 1.5, 10, 2], "texture": "#5"},
				"east": {"uv": [6, 0.5, 12, 1], "texture": "#5"},
				"south": {"uv": [6, 1, 10, 1.5], "texture": "#5"},
				"west": {"uv": [6, 0.5, 12, 0], "texture": "#5"},
				"up": {"uv": [0, 0, 6, 4], "rotation": 90, "texture": "#5"},
				"down": {"uv": [0, 4, 6, 8], "rotation": 270, "texture": "#5"}
			}
		},
		{
			"from": [14, 6, 3],
			"to": [16, 13, 13],
			"rotation": {"angle": 0, "axis": "y", "origin": [16, 9, 4]},
			"faces": {
				"north": {"uv": [5, 5.5, 6, 9], "texture": "#2"},
				"east": {"uv": [0, 0, 5, 3.5], "texture": "#2"},
				"south": {"uv": [5, 2, 6, 5.5], "texture": "#2"},
				"west": {"uv": [0, 0, 5, 3.5], "texture": "#2"},
				"up": {"uv": [5, 0, 10, 1], "rotation": 90, "texture": "#2"},
				"down": {"uv": [5, 1, 10, 2], "rotation": 270, "texture": "#2"}
			}
		}
	]
}