{
  "parent": "minecraft:item/handheld",
  "textures": {
    "layer0": "minecraft:item/wooden_sword"
  },
  "overrides" : [
    {
      "predicate" : {
        "custom_model_data": 1
      },
      "model":"remnant:item/wooden_knife"
    }, {
      "predicate" : {
        "custom_model_data": 2
      },
      "model":"remnant:item/karambit"
    }, {
      "predicate" : {
        "custom_model_data": 3
      },
      "model":"remnant:item/huntsman"
    }, {
      "predicate" : {
        "custom_model_data": 4
      },
      "model":"remnant:item/butterfly"
    }
  ]
}