{
	"credit": "Made with Blockbench",
	"textures": {
		"particle": "block/warped_planks"
	},
	"elements": [
		{
			"from": [0, 0, 0],
			"to": [16, 16, 16],
			"color": 2,
			"faces": {
				"north": {"uv": [0, 0, 16, 16], "texture": "#missing"},
				"east": {"uv": [0, 0, 16, 16], "texture": "#missing"},
				"south": {"uv": [0, 0, 16, 16], "texture": "#missing"},
				"west": {"uv": [0, 0, 16, 16], "texture": "#missing"},
				"up": {"uv": [0, 0, 16, 16], "texture": "#missing"},
				"down": {"uv": [0, 0, 16, 16], "texture": "#missing"}
			}
		}
	]
}